PV Player ID,Full Formal Name,Jersey,Position,Provider/Stable Identifier,Source/Provenance,Identity Status
,Jeremy Atkins,,LB,sidearm_roster_rp_id:8552,Official PVAMU 2026-27 roster,NEW_ROSTER_NO_PV_ID
P048,Mohammed Bility,,DB,sidearm_roster_rp_id:8549,Official PVAMU 2026-27 roster,MATCHED_CURRENT_LIVE_ID_JOIN_UNVERIFIED
P044,"William Blaylock, II",,TE,sidearm_roster_rp_id:8537,Official PVAMU 2026-27 roster,MATCHED_CURRENT_LIVE_ID_JOIN_UNVERIFIED
P050,Cayden Bowie,,OL,sidearm_roster_rp_id:8491,Official PVAMU 2026-27 roster,MATCHED_CURRENT_LIVE_ID_JOIN_UNVERIFIED
,"Kevin Brown, Jr.",,RB,sidearm_roster_rp_id:8493,Official PVAMU 2026-27 roster,NEW_ROSTER_NO_PV_ID
P051,Jordan Campbell,,DE,sidearm_roster_rp_id:8496,Official PVAMU 2026-27 roster,MATCHED_POSITION_FAMILY_DL_DE
P052,Kamrin Canterbury,,SAF,sidearm_roster_rp_id:8516,Official PVAMU 2026-27 roster,MATCHED_POSITION_FAMILY_DB_SAF
,Rondell Carter,,SAF,sidearm_roster_rp_id:8515,Official PVAMU 2026-27 roster,NEW_ROSTER_NO_PV_ID
P053,Germonie Davis,,WR,sidearm_roster_rp_id:8538,Official PVAMU 2026-27 roster,MATCHED_CURRENT_LIVE_ID_JOIN_UNVERIFIED
P055,Jacob Davis,,DB,sidearm_roster_rp_id:8548,Official PVAMU 2026-27 roster,MATCHED_CURRENT_LIVE_ID_JOIN_UNVERIFIED
P057,Ledell Finister,,OL,sidearm_roster_rp_id:8513,Official PVAMU 2026-27 roster,MATCHED_CURRENT_LIVE_ID_JOIN_UNVERIFIED
P056,Braylon Finney,,WR,sidearm_roster_rp_id:8522,Official PVAMU 2026-27 roster,MATCHED_CURRENT_LIVE_ID_JOIN_UNVERIFIED
P058,Dorian Gates,,WILL,sidearm_roster_rp_id:8504,Official PVAMU 2026-27 roster,REVIEW_POSITION_DL_VS_WILL
P059,"Toric Goins, Jr.",,WR,sidearm_roster_rp_id:8519,Official PVAMU 2026-27 roster,MATCHED_CURRENT_LIVE_ID_JOIN_UNVERIFIED
,Trae Grogan,,SAF,sidearm_roster_rp_id:8490,Official PVAMU 2026-27 roster,NEW_ROSTER_NO_PV_ID
P039,Ky'Yon Harris,,RB,sidearm_roster_rp_id:8531,Official PVAMU 2026-27 roster,MATCHED_CURRENT_LIVE_ID_JOIN_UNVERIFIED
,Nahamani Harris,,DB,sidearm_roster_rp_id:8512,Official PVAMU 2026-27 roster,NEW_ROSTER_NO_PV_ID
P045,Immanuel Hawkins,,DL,sidearm_roster_rp_id:8510,Official PVAMU 2026-27 roster,MATCHED_CURRENT_LIVE_ID_JOIN_UNVERIFIED
P081,Brandon Heyward,,DB,sidearm_roster_rp_id:8547,Official PVAMU 2026-27 roster,MATCHED_CURRENT_LIVE_ID_JOIN_UNVERIFIED
,Isaiah Hill,,DT,sidearm_roster_rp_id:8498,Official PVAMU 2026-27 roster,NEW_ROSTER_NO_PV_ID
P061,Hunter Howard,,OL,sidearm_roster_rp_id:8544,Official PVAMU 2026-27 roster,MATCHED_CURRENT_LIVE_ID_JOIN_UNVERIFIED
P062,Gabriel Ikechukwu,,DT,sidearm_roster_rp_id:8521,Official PVAMU 2026-27 roster,MATCHED_POSITION_FAMILY_DL_DT
P042,Amarie Jackson,,RB,sidearm_roster_rp_id:8533,Official PVAMU 2026-27 roster,MATCHED_CURRENT_LIVE_ID_JOIN_UNVERIFIED
P063,Joseph James Jean-Louis,,LB,sidearm_roster_rp_id:8492,Official PVAMU 2026-27 roster,MATCHED_CURRENT_LIVE_ID_JOIN_UNVERIFIED
P064,"Jamie Johnson, Jr.",,OL,sidearm_roster_rp_id:8545,Official PVAMU 2026-27 roster,MATCHED_CURRENT_LIVE_ID_JOIN_UNVERIFIED
P038,Jahbari Kuykendall,,RB,sidearm_roster_rp_id:8497,Official PVAMU 2026-27 roster,MATCHED_CURRENT_LIVE_ID_JOIN_UNVERIFIED
,"Leo Lane, Jr.",,SAF,sidearm_roster_rp_id:8503,Official PVAMU 2026-27 roster,NEW_ROSTER_NO_PV_ID
P066,Vysen Lang,,OL,sidearm_roster_rp_id:8494,Official PVAMU 2026-27 roster,MATCHED_CURRENT_LIVE_ID_JOIN_UNVERIFIED
P065,Akim Lanieux,,WR,sidearm_roster_rp_id:8518,Official PVAMU 2026-27 roster,MATCHED_CURRENT_LIVE_ID_JOIN_UNVERIFIED
P067,Fitzroy Ledgister,,CB,sidearm_roster_rp_id:8495,Official PVAMU 2026-27 roster,MATCHED_POSITION_FAMILY_DB_CB
P068,Donovan Malone,,LB,sidearm_roster_rp_id:8520,Official PVAMU 2026-27 roster,MATCHED_CURRENT_LIVE_ID_JOIN_UNVERIFIED
P069,Kylin Mathis,,WR,sidearm_roster_rp_id:8543,Official PVAMU 2026-27 roster,MATCHED_CURRENT_LIVE_ID_JOIN_UNVERIFIED
,Damani Maxson,,SAF,sidearm_roster_rp_id:8502,Official PVAMU 2026-27 roster,NEW_ROSTER_NO_PV_ID
P070,Allan McCarter,,DL,sidearm_roster_rp_id:8507,Official PVAMU 2026-27 roster,MATCHED_CURRENT_LIVE_ID_JOIN_UNVERIFIED
P071,Damien McDaniel,,WR,sidearm_roster_rp_id:8517,Official PVAMU 2026-27 roster,MATCHED_CURRENT_LIVE_ID_JOIN_UNVERIFIED
P072,Harrison McKinley,,SAF,sidearm_roster_rp_id:8505,Official PVAMU 2026-27 roster,MATCHED_POSITION_FAMILY_DB_SAF
P073,Marley Minerds,,P,sidearm_roster_rp_id:8527,Official PVAMU 2026-27 roster,MATCHED_POSITION_FAMILY_KP_P
P074,Tyler Morehead,,LB,sidearm_roster_rp_id:8509,Official PVAMU 2026-27 roster,MATCHED_CURRENT_LIVE_ID_JOIN_UNVERIFIED
P075,Kerry North,,DT,sidearm_roster_rp_id:8500,Official PVAMU 2026-27 roster,MATCHED_POSITION_FAMILY_DL_DT
P077,Brian O'Neal,,DB,sidearm_roster_rp_id:8511,Official PVAMU 2026-27 roster,MATCHED_CURRENT_LIVE_ID_JOIN_UNVERIFIED
P076,David Ogudo,,DL,sidearm_roster_rp_id:8506,Official PVAMU 2026-27 roster,MATCHED_CURRENT_LIVE_ID_JOIN_UNVERIFIED
P078,James Owens,,LS,sidearm_roster_rp_id:8541,Official PVAMU 2026-27 roster,MATCHED_CURRENT_LIVE_ID_JOIN_UNVERIFIED
,Timothy Potts,,QB,sidearm_roster_rp_id:8530,Official PVAMU 2026-27 roster,NEW_ROSTER_NO_PV_ID
P079,"Mark Rayson, III",,LB,sidearm_roster_rp_id:8508,Official PVAMU 2026-27 roster,MATCHED_CURRENT_LIVE_ID_JOIN_UNVERIFIED
,Nehemiah Reid,,SAF,sidearm_roster_rp_id:8526,Official PVAMU 2026-27 roster,NEW_ROSTER_NO_PV_ID
P080,Elias Sanders,,DE,sidearm_roster_rp_id:8514,Official PVAMU 2026-27 roster,MATCHED_POSITION_FAMILY_DL_DE
,"Jamal Streeter, Jr.",,WR,sidearm_roster_rp_id:8528,Official PVAMU 2026-27 roster,NEW_ROSTER_NO_PV_ID
P040,Tony Terry,,TE,sidearm_roster_rp_id:8536,Official PVAMU 2026-27 roster,MATCHED_CURRENT_LIVE_ID_JOIN_UNVERIFIED
,"Desmonde Thomas, II",,QB,sidearm_roster_rp_id:8489,Official PVAMU 2026-27 roster,NEW_ROSTER_NO_PV_ID
P082,"Cedric Thornton, Jr.",,LB,sidearm_roster_rp_id:8553,Official PVAMU 2026-27 roster,MATCHED_CURRENT_LIVE_ID_JOIN_UNVERIFIED
P041,Timothy Timmerman,,TE,sidearm_roster_rp_id:8534,Official PVAMU 2026-27 roster,MATCHED_CURRENT_LIVE_ID_JOIN_UNVERIFIED
P083,Nicholas Tramble,,RB,sidearm_roster_rp_id:8542,Official PVAMU 2026-27 roster,REVIEW_POSITION_WR_VS_RB
P043,Zayvion Turner-Knox,,RB,sidearm_roster_rp_id:8532,Official PVAMU 2026-27 roster,MATCHED_CURRENT_LIVE_ID_JOIN_UNVERIFIED
P084,Chase Walker,,LB,sidearm_roster_rp_id:8551,Official PVAMU 2026-27 roster,MATCHED_CURRENT_LIVE_ID_JOIN_UNVERIFIED
P085,Jace Ward,,ATH,sidearm_roster_rp_id:8499,Official PVAMU 2026-27 roster,REVIEW_POSITION_LB_VS_ATH
P086,Ashtin Watkins,,TE,sidearm_roster_rp_id:8535,Official PVAMU 2026-27 roster,MATCHED_CURRENT_LIVE_ID_JOIN_UNVERIFIED
P087,Cory White,,DB,sidearm_roster_rp_id:8524,Official PVAMU 2026-27 roster,MATCHED_CURRENT_LIVE_ID_JOIN_UNVERIFIED
P047,Austin Appiah,,DL,sidearm_roster_rp_id:8546,Official PVAMU 2026-27 roster,MATCHED_CURRENT_LIVE_ID_JOIN_UNVERIFIED
P049,Jabraxton Boone,,WR,sidearm_roster_rp_id:8539,Official PVAMU 2026-27 roster,MATCHED_CURRENT_LIVE_ID_JOIN_UNVERIFIED
P054,Silas Davis,,DB,sidearm_roster_rp_id:8523,Official PVAMU 2026-27 roster,MATCHED_CURRENT_LIVE_ID_JOIN_UNVERIFIED
P060,Jacob Hansen,,NK,sidearm_roster_rp_id:8554,Official PVAMU 2026-27 roster,REVIEW_POSITION_LB_VS_NK
,Konyae Hunter,,RB,sidearm_roster_rp_id:8525,Official PVAMU 2026-27 roster,NEW_ROSTER_NO_PV_ID
P088,Demarcus Wynn,,DT,sidearm_roster_rp_id:8501,Official PVAMU 2026-27 roster,MATCHED_POSITION_FAMILY_DL_DT
