Player ID,Player Name,Position,Active,Jersey,Snapshot Provenance
P001,Jaden Allison,LB,YES,,Production Players read-only snapshot 2026-08-17
P002,Austine Anyia,DL,YES,,Production Players read-only snapshot 2026-08-17
P003,Ja'koby Banks,WR,YES,,Production Players read-only snapshot 2026-08-17
P004,Ray'Quan Bell,OL,YES,,Production Players read-only snapshot 2026-08-17
P005,Chase Bingmon,RB,YES,,Production Players read-only snapshot 2026-08-17
P006,Caden Bowers,OL,YES,,Production Players read-only snapshot 2026-08-17
P007,Ty Brown,OL,YES,,Production Players read-only snapshot 2026-08-17
P008,Quam Byers,OL,YES,,Production Players read-only snapshot 2026-08-17
P009,Ellis Bynum,RB,YES,,Production Players read-only snapshot 2026-08-17
P010,CK Carter,OL,YES,,Production Players read-only snapshot 2026-08-17
P011,Tevin Carter,QB,YES,,Production Players read-only snapshot 2026-08-17
P012,Pedro Chagas da Silva,OL,YES,,Production Players read-only snapshot 2026-08-17
P013,Chaney Fitzgerald,WR,YES,,Production Players read-only snapshot 2026-08-17
P014,Malik Gucake,DL,YES,,Production Players read-only snapshot 2026-08-17
P015,Christopher Harvey,DL,YES,,Production Players read-only snapshot 2026-08-17
P016,Kheagian Heckaman,TE,YES,,Production Players read-only snapshot 2026-08-17
P017,Jayven Jackson,LB,YES,,Production Players read-only snapshot 2026-08-17
P018,Skylon Jean-Louis,DB,YES,,Production Players read-only snapshot 2026-08-17
P019,Ethan John,TE,YES,,Production Players read-only snapshot 2026-08-17
P020,Travon Jones,TE,YES,,Production Players read-only snapshot 2026-08-17
P021,"Patrick Kendall, III",DL,YES,,Production Players read-only snapshot 2026-08-17
P022,Molik Mason,DL,YES,,Production Players read-only snapshot 2026-08-17
P023,Calvin McMillian,OL,YES,,Production Players read-only snapshot 2026-08-17
P024,Matthew Moore,LB,YES,,Production Players read-only snapshot 2026-08-17
P025,Xyler Myles,OL,YES,,Production Players read-only snapshot 2026-08-17
P026,Jahiem O'Hara,DL,YES,,Production Players read-only snapshot 2026-08-17
P027,Jalen O'Neal,DB,YES,,Production Players read-only snapshot 2026-08-17
P028,Ashton Ojiaku,DB,YES,,Production Players read-only snapshot 2026-08-17
P029,Rodny Ojo,WR,YES,,Production Players read-only snapshot 2026-08-17
P030,Cameron Pascal,OL,YES,,Production Players read-only snapshot 2026-08-17
P031,Drew Skartvedt,LS,YES,,Production Players read-only snapshot 2026-08-17
P032,William Taylor,WR,YES,,Production Players read-only snapshot 2026-08-17
P033,Aiden Webb,K/P,YES,,Production Players read-only snapshot 2026-08-17
P034,David Williams,OL,YES,,Production Players read-only snapshot 2026-08-17
P035,Xylan Williams,WR,YES,,Production Players read-only snapshot 2026-08-17
P036,Reginald Wilson,OL,YES,,Production Players read-only snapshot 2026-08-17
P037,Eric Zachery,DB,YES,,Production Players read-only snapshot 2026-08-17
P038,Jahbari Kuykendall,RB,YES,,Production Players read-only snapshot 2026-08-17
P039,Ky'Yon Harris,RB,YES,,Production Players read-only snapshot 2026-08-17
P040,Tony Terry,TE,YES,,Production Players read-only snapshot 2026-08-17
P041,Timothy Timmerman,TE,YES,,Production Players read-only snapshot 2026-08-17
P042,Amarie Jackson,RB,YES,,Production Players read-only snapshot 2026-08-17
P043,Zayvion Turner-Knox,RB,YES,,Production Players read-only snapshot 2026-08-17
P044,"William Blaylock, II",TE,YES,,Production Players read-only snapshot 2026-08-17
P045,Immanuel Hawkins,DL,YES,,Production Players read-only snapshot 2026-08-17
P046,Malachi Williams,DB,YES,,Production Players read-only snapshot 2026-08-17
P047,Austin Appiah,DL,YES,,Production Players read-only snapshot 2026-08-17
P048,Mohammed Bility,DB,YES,,Production Players read-only snapshot 2026-08-17
P049,Jabraxton Boone,WR,YES,,Production Players read-only snapshot 2026-08-17
P050,Cayden Bowie,OL,YES,,Production Players read-only snapshot 2026-08-17
P051,Jordan Campbell,DL,YES,,Production Players read-only snapshot 2026-08-17
P052,Kamrin Canterbury,DB,YES,,Production Players read-only snapshot 2026-08-17
P053,Germonie Davis,WR,YES,,Production Players read-only snapshot 2026-08-17
P054,Silas Davis,DB,YES,,Production Players read-only snapshot 2026-08-17
P055,Jacob Davis,DB,YES,,Production Players read-only snapshot 2026-08-17
P056,Braylon Finney,WR,YES,,Production Players read-only snapshot 2026-08-17
P057,Ledell Finister,OL,YES,,Production Players read-only snapshot 2026-08-17
P058,Dorian Gates,DL,YES,,Production Players read-only snapshot 2026-08-17
P059,"Toric Goins, Jr.",WR,YES,,Production Players read-only snapshot 2026-08-17
P060,Jacob Hansen,LB,YES,,Production Players read-only snapshot 2026-08-17
P061,Hunter Howard,OL,YES,,Production Players read-only snapshot 2026-08-17
P062,Gabriel Ikechukwu,DL,YES,,Production Players read-only snapshot 2026-08-17
P063,Joseph James Jean-Louis,LB,YES,,Production Players read-only snapshot 2026-08-17
P064,"Jamie Johnson, Jr.",OL,YES,,Production Players read-only snapshot 2026-08-17
P065,Akim Lanieux,WR,YES,,Production Players read-only snapshot 2026-08-17
P066,Vysen Lang,OL,YES,,Production Players read-only snapshot 2026-08-17
P067,Fitzroy Ledgister,DB,YES,,Production Players read-only snapshot 2026-08-17
P068,Donovan Malone,LB,YES,,Production Players read-only snapshot 2026-08-17
P069,Kylin Mathis,WR,YES,,Production Players read-only snapshot 2026-08-17
P070,Allan McCarter,DL,YES,,Production Players read-only snapshot 2026-08-17
P071,Damien McDaniel,WR,YES,,Production Players read-only snapshot 2026-08-17
P072,Harrison McKinley,DB,YES,,Production Players read-only snapshot 2026-08-17
P073,Marley Minerds,K/P,YES,,Production Players read-only snapshot 2026-08-17
P074,Tyler Morehead,LB,YES,,Production Players read-only snapshot 2026-08-17
P075,Kerry North,DL,YES,,Production Players read-only snapshot 2026-08-17
P076,David Ogudo,DL,YES,,Production Players read-only snapshot 2026-08-17
P077,Brian O'Neal,DB,YES,,Production Players read-only snapshot 2026-08-17
P078,James Owens,LS,YES,,Production Players read-only snapshot 2026-08-17
P079,"Mark Rayson, III",LB,YES,,Production Players read-only snapshot 2026-08-17
P080,Elias Sanders,DL,YES,,Production Players read-only snapshot 2026-08-17
P081,Brandon Heyward,DB,YES,,Production Players read-only snapshot 2026-08-17
P082,"Cedric Thornton, Jr.",LB,YES,,Production Players read-only snapshot 2026-08-17
P083,Nicholas Tramble,WR,YES,,Production Players read-only snapshot 2026-08-17
P084,Chase Walker,LB,YES,,Production Players read-only snapshot 2026-08-17
P085,Jace Ward,LB,YES,,Production Players read-only snapshot 2026-08-17
P086,Ashtin Watkins,TE,YES,,Production Players read-only snapshot 2026-08-17
P087,Cory White,DB,YES,,Production Players read-only snapshot 2026-08-17
P088,Demarcus Wynn,DL,YES,,Production Players read-only snapshot 2026-08-17
P089,Elijah Wilson,DB,YES,,Production Players read-only snapshot 2026-08-17
P090,"Treviance ""VJ"" Bronson",DL,YES,,Production Players read-only snapshot 2026-08-17
P091,Preston Brown,QB,YES,,Production Players read-only snapshot 2026-08-17
P092,Micah Bryant,DB,YES,,Production Players read-only snapshot 2026-08-17
P093,Bryce Dixon,WR,YES,,Production Players read-only snapshot 2026-08-17
P094,Isaiah Gordon,RB,YES,,Production Players read-only snapshot 2026-08-17
P095,Tre Leonard,RB,YES,,Production Players read-only snapshot 2026-08-17
P096,Hanziah Rana,OL,YES,,Production Players read-only snapshot 2026-08-17
P097,Darien Rogers,QB,YES,,Production Players read-only snapshot 2026-08-17
P098,Anthony Shareef Irons,LB,YES,,Production Players read-only snapshot 2026-08-17
P099,Ethan Eddins,K/P,YES,,Production Players read-only snapshot 2026-08-17
P100,Kaeden Smith,QB,YES,,Production Players read-only snapshot 2026-08-17
P101,Bruce Uperesa,LB,YES,,Production Players read-only snapshot 2026-08-17
